{
  "summary": {
    "successRate": 1.0,
    "total": 60.004105791,
    "slowest": 0.118734,
    "fastest": 0.00004075,
    "average": 0.000523436040972353,
    "requestsPerSec": 19998.281520595287,
    "totalData": 32399433,
    "sizePerRequest": 27,
    "sizePerSec": 539953.6010560727
  },
  "metrics": {
    "success_rate": 1.0,
    "requests_per_sec": 19998.281520595287,
    "latency_ms": {
      "min": 0.041,
      "mean": 0.523,
      "p50": 0.433,
      "p95": 1.047,
      "p99": 1.791,
      "max": 118.734
    }
  },
  "responseTimeHistogram": {
    "0.00004075": 1,
    "0.011910075000000001": 1199483,
    "0.0237794": 254,
    "0.035648725": 66,
    "0.04751805": 45,
    "0.059387375": 1,
    "0.0712567": 33,
    "0.083126025": 35,
    "0.09499535": 7,
    "0.106864675": 13,
    "0.118734": 41
  },
  "latencyPercentiles": {
    "p10": 0.000184042,
    "p25": 0.000282583,
    "p50": 0.000432541,
    "p75": 0.000631042,
    "p90": 0.000868917,
    "p95": 0.001047084,
    "p99": 0.001791417,
    "p99.9": 0.006760959,
    "p99.99": 0.062432583
  },
  "firstByteHistogram": {
    "0.000037416": 1,
    "0.0119066785": 1199483,
    "0.023775941": 254,
    "0.0356452035": 66,
    "0.047514466": 45,
    "0.059383728499999996": 1,
    "0.071252991": 33,
    "0.08312225349999999": 35,
    "0.094991516": 7,
    "0.1068607785": 13,
    "0.118730041": 41
  },
  "firstBytePercentiles": {
    "p10": 0.000183334,
    "p25": 0.000281875,
    "p50": 0.000431875,
    "p75": 0.000630334,
    "p90": 0.000868125,
    "p95": 0.001046166,
    "p99": 0.00179,
    "p99.9": 0.006754,
    "p99.99": 0.062431917
  },
  "rps": {
    "mean": 20063.467318990377,
    "stddev": 2666.11930072809,
    "max": 61670.27823452443,
    "min": 9.548977901277958,
    "percentiles": {
      "p10": 18415.653305312913,
      "p25": 19406.63099920839,
      "p50": 20023.94463299218,
      "p75": 20622.985327674003,
      "p90": 21624.236444218874,
      "p95": 22160.202622466513,
      "p99": 23555.47454466508,
      "p99.9": 52121.93812375554,
      "p99.99": 61670.27823452443
    }
  },
  "details": {
    "DNSDialup": {
      "average": 0.0013783566875000006,
      "fastest": 0.001184584,
      "slowest": 0.0016125
    },
    "DNSLookup": {
      "average": 0.0000410638125,
      "fastest": 5.83e-7,
      "slowest": 0.000272458
    },
    "firstByte": {
      "average": 0.0005227047666134314,
      "fastest": 0.000037416,
      "slowest": 0.118730041
    }
  },
  "statusCodeDistribution": {
    "200": 1199979
  },
  "errorDistribution": {}
}