{
  "summary": {
    "successRate": 1.0,
    "total": 60.001112959,
    "slowest": 0.068520458,
    "fastest": 0.000038541,
    "average": 0.000880362287150016,
    "requestsPerSec": 19999.095697107536,
    "totalData": 32399055,
    "sizePerRequest": 27,
    "sizePerSec": 539974.2338469445
  },
  "metrics": {
    "success_rate": 1.0,
    "requests_per_sec": 19999.095697107536,
    "latency_ms": {
      "min": 0.039,
      "mean": 0.88,
      "p50": 0.656,
      "p95": 2.412,
      "p99": 4.59,
      "max": 68.52
    }
  },
  "responseTimeHistogram": {
    "0.000038541": 1,
    "0.0068867327": 1196725,
    "0.013734924400000001": 2352,
    "0.020583116100000003": 502,
    "0.027431307800000002": 199,
    "0.034279499500000005": 114,
    "0.04112769120000001": 38,
    "0.04797588290000001": 6,
    "0.05482407460000001": 0,
    "0.06167226630000001": 0,
    "0.068520458": 28
  },
  "latencyPercentiles": {
    "p10": 0.000256,
    "p25": 0.000426084,
    "p50": 0.00065575,
    "p75": 0.000973208,
    "p90": 0.001680709,
    "p95": 0.002411541,
    "p99": 0.004589542,
    "p99.9": 0.010312625,
    "p99.99": 0.031609292
  },
  "firstByteHistogram": {
    "0.000038458": 1,
    "0.006886653899999999": 1196725,
    "0.013734849799999999": 2352,
    "0.0205830457": 502,
    "0.0274312416": 199,
    "0.034279437499999996": 114,
    "0.041127633399999995": 38,
    "0.047975829299999995": 6,
    "0.054824025199999994": 0,
    "0.061672221099999994": 0,
    "0.068520417": 28
  },
  "firstBytePercentiles": {
    "p10": 0.000255917,
    "p25": 0.000426,
    "p50": 0.000655667,
    "p75": 0.000973125,
    "p90": 0.001680583,
    "p95": 0.002411333,
    "p99": 0.004589125,
    "p99.9": 0.0103125,
    "p99.99": 0.031609
  },
  "rps": {
    "mean": 20023.879424008755,
    "stddev": 2709.9223228674787,
    "max": 34178.75468653892,
    "min": 14.958163885382731,
    "percentiles": {
      "p10": 18744.127424782342,
      "p25": 19444.886576173623,
      "p50": 19917.842403233208,
      "p75": 20407.555203456304,
      "p90": 22020.57007512427,
      "p95": 22797.40887985433,
      "p99": 30316.170645419956,
      "p99.9": 33423.255901463446,
      "p99.99": 34178.75468653892
    }
  },
  "details": {
    "DNSDialup": {
      "average": 0.0003845676562500002,
      "fastest": 0.0002155,
      "slowest": 0.000509208
    },
    "DNSLookup": {
      "average": 3.1921093750000006e-6,
      "fastest": 4.59e-7,
      "slowest": 0.0000255
    },
    "firstByte": {
      "average": 0.0008802854815307299,
      "fastest": 0.000038458,
      "slowest": 0.068520417
    }
  },
  "statusCodeDistribution": {
    "200": 1199965
  },
  "errorDistribution": {
    "aborted due to deadline": 3
  }
}