{
  "summary": {
    "successRate": 1.0,
    "total": 60.0010025,
    "slowest": 0.062732541,
    "fastest": 0.000039625,
    "average": 0.000880491430339646,
    "requestsPerSec": 19999.59917336381,
    "totalData": 32399838,
    "sizePerRequest": 27,
    "sizePerSec": 539988.2776958601
  },
  "metrics": {
    "success_rate": 1.0,
    "requests_per_sec": 19999.59917336381,
    "latency_ms": {
      "min": 0.04,
      "mean": 0.88,
      "p50": 0.639,
      "p95": 2.411,
      "p99": 4.709,
      "max": 62.733
    }
  },
  "responseTimeHistogram": {
    "0.000039625": 1,
    "0.0063089166": 1195167,
    "0.0125782082": 3711,
    "0.0188474998": 799,
    "0.0251167914": 157,
    "0.031386083": 68,
    "0.0376553746": 37,
    "0.043924666200000004": 15,
    "0.0501939578": 2,
    "0.0564632494": 0,
    "0.062732541": 37
  },
  "latencyPercentiles": {
    "p10": 0.000249167,
    "p25": 0.00041375,
    "p50": 0.000638542,
    "p75": 0.000966208,
    "p90": 0.001759167,
    "p95": 0.002411042,
    "p99": 0.004709042,
    "p99.9": 0.0119785,
    "p99.99": 0.027424042
  },
  "firstByteHistogram": {
    "0.000039584": 1,
    "0.0063088756": 1195168,
    "0.0125781672": 3710,
    "0.018847458799999998": 800,
    "0.0251167504": 156,
    "0.031386042": 68,
    "0.0376553336": 37,
    "0.043924625200000005": 15,
    "0.0501939168": 2,
    "0.0564632084": 0,
    "0.0627325": 37
  },
  "firstBytePercentiles": {
    "p10": 0.000249125,
    "p25": 0.000413667,
    "p50": 0.000638459,
    "p75": 0.000966125,
    "p90": 0.001759083,
    "p95": 0.002410875,
    "p99": 0.004708958,
    "p99.9": 0.011978375,
    "p99.99": 0.027424
  },
  "rps": {
    "mean": 20029.68122019606,
    "stddev": 2949.424219005135,
    "max": 36047.91127888203,
    "min": 16.002784484500552,
    "percentiles": {
      "p10": 18109.507491425466,
      "p25": 19480.78301925359,
      "p50": 20037.57044457814,
      "p75": 20585.83795220482,
      "p90": 21773.031100918557,
      "p95": 22668.291011634356,
      "p99": 32242.721606128336,
      "p99.9": 35300.1482606169,
      "p99.99": 36047.91127888203
    }
  },
  "details": {
    "DNSDialup": {
      "average": 0.000312843078125,
      "fastest": 0.000157709,
      "slowest": 0.00048525
    },
    "DNSLookup": {
      "average": 7.102203125000005e-6,
      "fastest": 5e-7,
      "slowest": 0.0000765
    },
    "firstByte": {
      "average": 0.000880409016649238,
      "fastest": 0.000039584,
      "slowest": 0.0627325
    }
  },
  "statusCodeDistribution": {
    "200": 1199994
  },
  "errorDistribution": {
    "aborted due to deadline": 2
  }
}