{
  "summary": {
    "successRate": 1.0,
    "total": 60.000901458,
    "slowest": 0.0735595,
    "fastest": 0.000047417,
    "average": 0.0006833684216259763,
    "requestsPerSec": 19999.249525275358,
    "totalData": 32399217,
    "sizePerRequest": 27,
    "sizePerSec": 539978.8371959563
  },
  "metrics": {
    "success_rate": 1.0,
    "requests_per_sec": 19999.249525275358,
    "latency_ms": {
      "min": 0.047,
      "mean": 0.683,
      "p50": 0.533,
      "p95": 1.56,
      "p99": 3.554,
      "max": 73.56
    }
  },
  "responseTimeHistogram": {
    "0.000047417": 1,
    "0.0073986253": 1196399,
    "0.0147498336": 2634,
    "0.0221010419": 523,
    "0.029452250200000002": 250,
    "0.036803458500000004": 89,
    "0.0441546668": 23,
    "0.0515058751": 0,
    "0.0588570834": 1,
    "0.06620829169999999": 41,
    "0.0735595": 10
  },
  "latencyPercentiles": {
    "p10": 0.000218792,
    "p25": 0.000349208,
    "p50": 0.000532625,
    "p75": 0.000771542,
    "p90": 0.001060584,
    "p95": 0.001559875,
    "p99": 0.003553583,
    "p99.9": 0.013311084,
    "p99.99": 0.032274292
  },
  "firstByteHistogram": {
    "0.000047375": 1,
    "0.007398583399999999": 1196399,
    "0.014749791799999998": 2634,
    "0.022101000199999995": 523,
    "0.029452208599999995": 250,
    "0.036803417": 89,
    "0.044154625399999994": 23,
    "0.0515058338": 0,
    "0.058857042199999994": 1,
    "0.06620825059999999": 41,
    "0.073559459": 10
  },
  "firstBytePercentiles": {
    "p10": 0.00021875,
    "p25": 0.000349125,
    "p50": 0.000532542,
    "p75": 0.0007715,
    "p90": 0.0010605,
    "p95": 0.001559792,
    "p99": 0.003553416,
    "p99.9": 0.013311042,
    "p99.99": 0.03227425
  },
  "rps": {
    "mean": 20037.087541852325,
    "stddev": 3102.975973472682,
    "max": 43985.77225591,
    "min": 13.672494695140452,
    "percentiles": {
      "p10": 18416.34450575051,
      "p25": 19434.77204631893,
      "p50": 19960.263550881395,
      "p75": 20538.76692256376,
      "p90": 21789.91087707501,
      "p95": 22340.795907416403,
      "p99": 33701.26379739591,
      "p99.9": 40444.48893782791,
      "p99.99": 43985.77225591
    }
  },
  "details": {
    "DNSDialup": {
      "average": 0.00036813021875,
      "fastest": 0.00014125,
      "slowest": 0.00053
    },
    "DNSLookup": {
      "average": 6.218765625000003e-6,
      "fastest": 5e-7,
      "slowest": 0.000119916
    },
    "firstByte": {
      "average": 0.0006832973986063135,
      "fastest": 0.000047375,
      "slowest": 0.073559459
    }
  },
  "statusCodeDistribution": {
    "200": 1199971
  },
  "errorDistribution": {
    "aborted due to deadline": 2
  }
}